true_original_class,predicted_original_class,true_class_name,predicted_class_name,error_count
5,2,Class 5,Class 2,64
1,2,Class 1,Class 2,51
3,1,Class 3,Class 1,49
36,37,Class 36,Class 37,38
4,2,Class 4,Class 2,34
2,1,Class 2,Class 1,34
39,38,Class 39,Class 38,30
3,2,Class 3,Class 2,30
27,25,Class 27,Class 25,29
21,19,Class 21,Class 19,25
8,7,Class 8,Class 7,23
38,39,Class 38,Class 39,21
22,25,Class 22,Class 25,21
20,19,Class 20,Class 19,21
2,3,Class 2,Class 3,20
29,23,Class 29,Class 23,20
8,5,Class 8,Class 5,20
5,8,Class 5,Class 8,19
1,0,Class 1,Class 0,19
5,3,Class 5,Class 3,18
5,1,Class 5,Class 1,18
5,7,Class 5,Class 7,18
37,36,Class 37,Class 36,18
28,25,Class 28,Class 25,17
35,36,Class 35,Class 36,17
30,25,Class 30,Class 25,17
17,9,Class 17,Class 9,16
30,11,Class 30,Class 11,16
5,4,Class 5,Class 4,15
11,25,Class 11,Class 25,15
35,33,Class 35,Class 33,15
22,23,Class 22,Class 23,15
34,33,Class 34,Class 33,13
40,34,Class 40,Class 34,13
18,21,Class 18,Class 21,13
25,23,Class 25,Class 23,13
23,31,Class 23,Class 31,11
21,23,Class 21,Class 23,10
3,5,Class 3,Class 5,10
23,25,Class 23,Class 25,10
26,27,Class 26,Class 27,10
26,25,Class 26,Class 25,10
0,1,Class 0,Class 1,10
8,2,Class 8,Class 2,10
28,29,Class 28,Class 29,9
36,35,Class 36,Class 35,9
2,5,Class 2,Class 5,9
38,40,Class 38,Class 40,9
6,4,Class 6,Class 4,9
21,12,Class 21,Class 12,9
37,33,Class 37,Class 33,8
20,21,Class 20,Class 21,8
24,18,Class 24,Class 18,8
19,20,Class 19,Class 20,8
28,24,Class 28,Class 24,8
33,35,Class 33,Class 35,7
31,25,Class 31,Class 25,7
4,1,Class 4,Class 1,7
18,27,Class 18,Class 27,7
38,36,Class 38,Class 36,7
3,4,Class 3,Class 4,7
18,25,Class 18,Class 25,7
16,10,Class 16,Class 10,6
6,38,Class 6,Class 38,6
24,25,Class 24,Class 25,6
33,34,Class 33,Class 34,6
30,23,Class 30,Class 23,6
1,5,Class 1,Class 5,6
30,29,Class 30,Class 29,6
30,31,Class 30,Class 31,6
35,34,Class 35,Class 34,5
42,36,Class 42,Class 36,5
9,1,Class 9,Class 1,5
6,5,Class 6,Class 5,5
21,13,Class 21,Class 13,5
38,33,Class 38,Class 33,5
3,7,Class 3,Class 7,5
10,34,Class 10,Class 34,4
20,27,Class 20,Class 27,4
38,12,Class 38,Class 12,4
2,4,Class 2,Class 4,4
42,32,Class 42,Class 32,4
35,37,Class 35,Class 37,4
1,4,Class 1,Class 4,4
18,29,Class 18,Class 29,4
18,26,Class 18,Class 26,4
37,39,Class 37,Class 39,4
25,28,Class 25,Class 28,4
19,27,Class 19,Class 27,3
35,40,Class 35,Class 40,3
8,3,Class 8,Class 3,3
7,5,Class 7,Class 5,3
6,39,Class 6,Class 39,3
8,4,Class 8,Class 4,3
0,4,Class 0,Class 4,3
42,33,Class 42,Class 33,3
27,11,Class 27,Class 11,3
21,11,Class 21,Class 11,3
23,16,Class 23,Class 16,3
28,11,Class 28,Class 11,3
38,13,Class 38,Class 13,3
36,38,Class 36,Class 38,3
19,31,Class 19,Class 31,3
17,14,Class 17,Class 14,3
42,41,Class 42,Class 41,3
29,25,Class 29,Class 25,2
17,2,Class 17,Class 2,2
18,31,Class 18,Class 31,2
4,3,Class 4,Class 3,2
42,38,Class 42,Class 38,2
7,3,Class 7,Class 3,2
7,2,Class 7,Class 2,2
6,33,Class 6,Class 33,2
33,37,Class 33,Class 37,2
31,23,Class 31,Class 23,2
1,25,Class 1,Class 25,2
1,33,Class 1,Class 33,2
2,7,Class 2,Class 7,2
7,8,Class 7,Class 8,2
2,8,Class 2,Class 8,2
30,20,Class 30,Class 20,2
30,5,Class 30,Class 5,2
29,18,Class 29,Class 18,2
11,30,Class 11,Class 30,2
10,20,Class 10,Class 20,2
26,18,Class 26,Class 18,2
12,23,Class 12,Class 23,2
23,22,Class 23,Class 22,2
21,1,Class 21,Class 1,2
15,13,Class 15,Class 13,2
14,17,Class 14,Class 17,1
13,41,Class 13,Class 41,1
15,29,Class 15,Class 29,1
16,9,Class 16,Class 9,1
13,38,Class 13,Class 38,1
22,28,Class 22,Class 28,1
23,11,Class 23,Class 11,1
13,12,Class 13,Class 12,1
11,33,Class 11,Class 33,1
12,2,Class 12,Class 2,1
12,13,Class 12,Class 13,1
12,14,Class 12,Class 14,1
20,31,Class 20,Class 31,1
12,36,Class 12,Class 36,1
12,38,Class 12,Class 38,1
13,2,Class 13,Class 2,1
25,11,Class 25,Class 11,1
25,18,Class 25,Class 18,1
25,20,Class 25,Class 20,1
25,27,Class 25,Class 27,1
25,39,Class 25,Class 39,1
20,28,Class 20,Class 28,1
27,28,Class 27,Class 28,1
28,1,Class 28,Class 1,1
28,18,Class 28,Class 18,1
10,16,Class 10,Class 16,1
20,26,Class 20,Class 26,1
11,20,Class 11,Class 20,1
11,23,Class 11,Class 23,1
11,28,Class 11,Class 28,1
20,23,Class 20,Class 23,1
28,27,Class 28,Class 27,1
18,23,Class 18,Class 23,1
29,24,Class 29,Class 24,1
1,11,Class 1,Class 11,1
8,34,Class 8,Class 34,1
9,4,Class 9,Class 4,1
9,10,Class 9,Class 10,1
9,41,Class 9,Class 41,1
10,5,Class 10,Class 5,1
29,28,Class 29,Class 28,1
18,13,Class 18,Class 13,1
17,31,Class 17,Class 31,1
30,26,Class 30,Class 26,1
30,28,Class 30,Class 28,1
7,4,Class 7,Class 4,1
1,7,Class 1,Class 7,1
7,10,Class 7,Class 10,1
7,15,Class 7,Class 15,1
31,18,Class 31,Class 18,1
31,20,Class 31,Class 20,1
1,16,Class 1,Class 16,1
33,18,Class 33,Class 18,1
33,36,Class 33,Class 36,1
3,8,Class 3,Class 8,1
34,35,Class 34,Class 35,1
35,25,Class 35,Class 25,1
6,10,Class 6,Class 10,1
3,0,Class 3,Class 0,1
6,36,Class 6,Class 36,1
6,42,Class 6,Class 42,1
40,36,Class 40,Class 36,1
40,33,Class 40,Class 33,1
5,10,Class 5,Class 10,1
6,1,Class 6,Class 1,1
6,2,Class 6,Class 2,1
6,3,Class 6,Class 3,1
6,8,Class 6,Class 8,1
36,33,Class 36,Class 33,1
4,25,Class 4,Class 25,1
4,30,Class 4,Class 30,1
4,35,Class 4,Class 35,1
37,34,Class 37,Class 34,1
37,35,Class 37,Class 35,1
38,34,Class 38,Class 34,1
3,9,Class 3,Class 9,1
3,41,Class 3,Class 41,1
42,35,Class 42,Class 35,1
41,4,Class 41,Class 4,1
41,42,Class 41,Class 42,1
42,4,Class 42,Class 4,1
42,6,Class 42,Class 6,1
42,20,Class 42,Class 20,1
18,35,Class 18,Class 35,1
42,11,Class 42,Class 11,1
40,38,Class 40,Class 38,1
4,7,Class 4,Class 7,1
4,9,Class 4,Class 9,1
4,24,Class 4,Class 24,1
38,41,Class 38,Class 41,1
39,33,Class 39,Class 33,1
39,36,Class 39,Class 36,1
40,13,Class 40,Class 13,1
17,7,Class 17,Class 7,1
