,Class 0,Class 1,Class 2,Class 3,Class 4,Class 5,Class 6,Class 7,Class 8,Class 9,Class 10,Class 11,Class 12,Class 13,Class 14,Class 15,Class 16,Class 17,Class 18,Class 19,Class 20,Class 21,Class 22,Class 23,Class 24,Class 25,Class 26,Class 27,Class 28,Class 29,Class 30,Class 31,Class 32,Class 33,Class 34,Class 35,Class 36,Class 37,Class 38,Class 39,Class 40,Class 41,Class 42
Class 0,0.7833333333333333,0.16666666666666666,0.0,0.0,0.05,0.0,0.0,0.0,0.0,0.0,0.0,0.0,0.0,0.0,0.0,0.0,0.0,0.0,0.0,0.0,0.0,0.0,0.0,0.0,0.0,0.0,0.0,0.0,0.0,0.0,0.0,0.0,0.0,0.0,0.0,0.0,0.0,0.0,0.0,0.0,0.0,0.0,0.0
Class 1,0.02638888888888889,0.8791666666666667,0.07083333333333333,0.0,0.005555555555555556,0.008333333333333333,0.0,0.001388888888888889,0.0,0.0,0.0,0.001388888888888889,0.0,0.0,0.0,0.0,0.001388888888888889,0.0,0.0,0.0,0.0,0.0,0.0,0.0,0.0,0.002777777777777778,0.0,0.0,0.0,0.0,0.0,0.0,0.0,0.002777777777777778,0.0,0.0,0.0,0.0,0.0,0.0,0.0,0.0,0.0
Class 2,0.0,0.04533333333333334,0.9053333333333333,0.02666666666666667,0.005333333333333333,0.012,0.0,0.0026666666666666666,0.0026666666666666666,0.0,0.0,0.0,0.0,0.0,0.0,0.0,0.0,0.0,0.0,0.0,0.0,0.0,0.0,0.0,0.0,0.0,0.0,0.0,0.0,0.0,0.0,0.0,0.0,0.0,0.0,0.0,0.0,0.0,0.0,0.0,0.0,0.0,0.0
Class 3,0.0022222222222222222,0.10888888888888888,0.06666666666666667,0.7666666666666667,0.015555555555555555,0.022222222222222223,0.0,0.011111111111111112,0.0022222222222222222,0.0022222222222222222,0.0,0.0,0.0,0.0,0.0,0.0,0.0,0.0,0.0,0.0,0.0,0.0,0.0,0.0,0.0,0.0,0.0,0.0,0.0,0.0,0.0,0.0,0.0,0.0,0.0,0.0,0.0,0.0,0.0,0.0,0.0,0.0022222222222222222,0.0
Class 4,0.0,0.010606060606060607,0.051515151515151514,0.0030303030303030303,0.9257575757575758,0.0,0.0,0.0015151515151515152,0.0,0.0015151515151515152,0.0,0.0,0.0,0.0,0.0,0.0,0.0,0.0,0.0,0.0,0.0,0.0,0.0,0.0,0.0015151515151515152,0.0015151515151515152,0.0,0.0,0.0,0.0,0.0015151515151515152,0.0,0.0,0.0,0.0,0.0015151515151515152,0.0,0.0,0.0,0.0,0.0,0.0,0.0
Class 5,0.0,0.02857142857142857,0.10158730158730159,0.02857142857142857,0.023809523809523808,0.7571428571428571,0.0,0.02857142857142857,0.03015873015873016,0.0,0.0015873015873015873,0.0,0.0,0.0,0.0,0.0,0.0,0.0,0.0,0.0,0.0,0.0,0.0,0.0,0.0,0.0,0.0,0.0,0.0,0.0,0.0,0.0,0.0,0.0,0.0,0.0,0.0,0.0,0.0,0.0,0.0,0.0,0.0
Class 6,0.0,0.006666666666666667,0.006666666666666667,0.006666666666666667,0.06,0.03333333333333333,0.7866666666666666,0.0,0.006666666666666667,0.0,0.006666666666666667,0.0,0.0,0.0,0.0,0.0,0.0,0.0,0.0,0.0,0.0,0.0,0.0,0.0,0.0,0.0,0.0,0.0,0.0,0.0,0.0,0.0,0.0,0.013333333333333334,0.0,0.0,0.006666666666666667,0.0,0.04,0.02,0.0,0.0,0.006666666666666667
Class 7,0.0,0.0,0.0044444444444444444,0.0044444444444444444,0.0022222222222222222,0.006666666666666667,0.0,0.9733333333333334,0.0044444444444444444,0.0,0.0022222222222222222,0.0,0.0,0.0,0.0,0.0022222222222222222,0.0,0.0,0.0,0.0,0.0,0.0,0.0,0.0,0.0,0.0,0.0,0.0,0.0,0.0,0.0,0.0,0.0,0.0,0.0,0.0,0.0,0.0,0.0,0.0,0.0,0.0,0.0
Class 8,0.0,0.0,0.022222222222222223,0.006666666666666667,0.006666666666666667,0.044444444444444446,0.0,0.051111111111111114,0.8666666666666667,0.0,0.0,0.0,0.0,0.0,0.0,0.0,0.0,0.0,0.0,0.0,0.0,0.0,0.0,0.0,0.0,0.0,0.0,0.0,0.0,0.0,0.0,0.0,0.0,0.0,0.0022222222222222222,0.0,0.0,0.0,0.0,0.0,0.0,0.0,0.0
Class 9,0.0,0.010416666666666666,0.0,0.0,0.0020833333333333333,0.0,0.0,0.0,0.0,0.9833333333333333,0.0020833333333333333,0.0,0.0,0.0,0.0,0.0,0.0,0.0,0.0,0.0,0.0,0.0,0.0,0.0,0.0,0.0,0.0,0.0,0.0,0.0,0.0,0.0,0.0,0.0,0.0,0.0,0.0,0.0,0.0,0.0,0.0,0.0020833333333333333,0.0
Class 10,0.0,0.0,0.0,0.0,0.0,0.0015151515151515152,0.0,0.0,0.0,0.0,0.9878787878787879,0.0,0.0,0.0,0.0,0.0,0.0015151515151515152,0.0,0.0,0.0,0.0030303030303030303,0.0,0.0,0.0,0.0,0.0,0.0,0.0,0.0,0.0,0.0,0.0,0.0,0.0,0.006060606060606061,0.0,0.0,0.0,0.0,0.0,0.0,0.0,0.0
Class 11,0.0,0.0,0.0,0.0,0.0,0.0,0.0,0.0,0.0,0.0,0.0,0.95,0.0,0.0,0.0,0.0,0.0,0.0,0.0,0.0,0.002380952380952381,0.0,0.0,0.002380952380952381,0.0,0.03571428571428571,0.0,0.0,0.002380952380952381,0.0,0.004761904761904762,0.0,0.0,0.002380952380952381,0.0,0.0,0.0,0.0,0.0,0.0,0.0,0.0,0.0
Class 12,0.0,0.0,0.0014492753623188406,0.0,0.0,0.0,0.0,0.0,0.0,0.0,0.0,0.0,0.9898550724637681,0.0014492753623188406,0.0014492753623188406,0.0,0.0,0.0,0.0,0.0,0.0,0.0,0.0,0.002898550724637681,0.0,0.0,0.0,0.0,0.0,0.0,0.0,0.0,0.0,0.0,0.0,0.0,0.0014492753623188406,0.0,0.0014492753623188406,0.0,0.0,0.0,0.0
Class 13,0.0,0.0,0.001388888888888889,0.0,0.0,0.0,0.0,0.0,0.0,0.0,0.0,0.0,0.001388888888888889,0.9944444444444445,0.0,0.0,0.0,0.0,0.0,0.0,0.0,0.0,0.0,0.0,0.0,0.0,0.0,0.0,0.0,0.0,0.0,0.0,0.0,0.0,0.0,0.0,0.0,0.0,0.001388888888888889,0.0,0.0,0.001388888888888889,0.0
Class 14,0.0,0.0,0.0,0.0,0.0,0.0,0.0,0.0,0.0,0.0,0.0,0.0,0.0,0.0,0.9962962962962963,0.0,0.0,0.003703703703703704,0.0,0.0,0.0,0.0,0.0,0.0,0.0,0.0,0.0,0.0,0.0,0.0,0.0,0.0,0.0,0.0,0.0,0.0,0.0,0.0,0.0,0.0,0.0,0.0,0.0
Class 15,0.0,0.0,0.0,0.0,0.0,0.0,0.0,0.0,0.0,0.0,0.0,0.0,0.0,0.009523809523809525,0.0,0.9857142857142858,0.0,0.0,0.0,0.0,0.0,0.0,0.0,0.0,0.0,0.0,0.0,0.0,0.0,0.004761904761904762,0.0,0.0,0.0,0.0,0.0,0.0,0.0,0.0,0.0,0.0,0.0,0.0,0.0
Class 16,0.0,0.0,0.0,0.0,0.0,0.0,0.0,0.0,0.0,0.006666666666666667,0.04,0.0,0.0,0.0,0.0,0.0,0.9533333333333334,0.0,0.0,0.0,0.0,0.0,0.0,0.0,0.0,0.0,0.0,0.0,0.0,0.0,0.0,0.0,0.0,0.0,0.0,0.0,0.0,0.0,0.0,0.0,0.0,0.0,0.0
Class 17,0.0,0.0,0.005555555555555556,0.0,0.0,0.0,0.0,0.002777777777777778,0.0,0.044444444444444446,0.0,0.0,0.0,0.0,0.008333333333333333,0.0,0.0,0.9361111111111111,0.0,0.0,0.0,0.0,0.0,0.0,0.0,0.0,0.0,0.0,0.0,0.0,0.0,0.002777777777777778,0.0,0.0,0.0,0.0,0.0,0.0,0.0,0.0,0.0,0.0,0.0
Class 18,0.0,0.0,0.0,0.0,0.0,0.0,0.0,0.0,0.0,0.0,0.0,0.0,0.0,0.002564102564102564,0.0,0.0,0.0,0.0,0.8974358974358975,0.0,0.0,0.03333333333333333,0.0,0.002564102564102564,0.0,0.017948717948717947,0.010256410256410256,0.017948717948717947,0.0,0.010256410256410256,0.0,0.005128205128205128,0.0,0.0,0.0,0.002564102564102564,0.0,0.0,0.0,0.0,0.0,0.0,0.0
Class 19,0.0,0.0,0.0,0.0,0.0,0.0,0.0,0.0,0.0,0.0,0.0,0.0,0.0,0.0,0.0,0.0,0.0,0.0,0.0,0.7666666666666667,0.13333333333333333,0.0,0.0,0.0,0.0,0.0,0.0,0.05,0.0,0.0,0.0,0.05,0.0,0.0,0.0,0.0,0.0,0.0,0.0,0.0,0.0,0.0,0.0
Class 20,0.0,0.0,0.0,0.0,0.0,0.0,0.0,0.0,0.0,0.0,0.0,0.0,0.0,0.0,0.0,0.0,0.0,0.0,0.0,0.23333333333333334,0.5888888888888889,0.08888888888888889,0.0,0.011111111111111112,0.0,0.0,0.011111111111111112,0.044444444444444446,0.011111111111111112,0.0,0.0,0.011111111111111112,0.0,0.0,0.0,0.0,0.0,0.0,0.0,0.0,0.0,0.0,0.0
Class 21,0.0,0.022222222222222223,0.0,0.0,0.0,0.0,0.0,0.0,0.0,0.0,0.0,0.03333333333333333,0.1,0.05555555555555555,0.0,0.0,0.0,0.0,0.0,0.2777777777777778,0.0,0.4,0.0,0.1111111111111111,0.0,0.0,0.0,0.0,0.0,0.0,0.0,0.0,0.0,0.0,0.0,0.0,0.0,0.0,0.0,0.0,0.0,0.0,0.0
Class 22,0.0,0.0,0.0,0.0,0.0,0.0,0.0,0.0,0.0,0.0,0.0,0.0,0.0,0.0,0.0,0.0,0.0,0.0,0.0,0.0,0.0,0.0,0.6916666666666667,0.125,0.0,0.175,0.0,0.0,0.008333333333333333,0.0,0.0,0.0,0.0,0.0,0.0,0.0,0.0,0.0,0.0,0.0,0.0,0.0,0.0
Class 23,0.0,0.0,0.0,0.0,0.0,0.0,0.0,0.0,0.0,0.0,0.0,0.006666666666666667,0.0,0.0,0.0,0.0,0.02,0.0,0.0,0.0,0.0,0.0,0.013333333333333334,0.82,0.0,0.06666666666666667,0.0,0.0,0.0,0.0,0.0,0.07333333333333333,0.0,0.0,0.0,0.0,0.0,0.0,0.0,0.0,0.0,0.0,0.0
Class 24,0.0,0.0,0.0,0.0,0.0,0.0,0.0,0.0,0.0,0.0,0.0,0.0,0.0,0.0,0.0,0.0,0.0,0.0,0.08888888888888889,0.0,0.0,0.0,0.0,0.0,0.8444444444444444,0.06666666666666667,0.0,0.0,0.0,0.0,0.0,0.0,0.0,0.0,0.0,0.0,0.0,0.0,0.0,0.0,0.0,0.0,0.0
Class 25,0.0,0.0,0.0,0.0,0.0,0.0,0.0,0.0,0.0,0.0,0.0,0.0020833333333333333,0.0,0.0,0.0,0.0,0.0,0.0,0.0020833333333333333,0.0,0.0020833333333333333,0.0,0.0,0.027083333333333334,0.0,0.9541666666666667,0.0,0.0020833333333333333,0.008333333333333333,0.0,0.0,0.0,0.0,0.0,0.0,0.0,0.0,0.0,0.0,0.0020833333333333333,0.0,0.0,0.0
Class 26,0.0,0.0,0.0,0.0,0.0,0.0,0.0,0.0,0.0,0.0,0.0,0.0,0.0,0.0,0.0,0.0,0.0,0.0,0.011111111111111112,0.0,0.0,0.0,0.0,0.0,0.0,0.05555555555555555,0.8777777777777778,0.05555555555555555,0.0,0.0,0.0,0.0,0.0,0.0,0.0,0.0,0.0,0.0,0.0,0.0,0.0,0.0,0.0
Class 27,0.0,0.0,0.0,0.0,0.0,0.0,0.0,0.0,0.0,0.0,0.0,0.05,0.0,0.0,0.0,0.0,0.0,0.0,0.0,0.0,0.0,0.0,0.0,0.0,0.0,0.48333333333333334,0.0,0.45,0.016666666666666666,0.0,0.0,0.0,0.0,0.0,0.0,0.0,0.0,0.0,0.0,0.0,0.0,0.0,0.0
Class 28,0.0,0.006666666666666667,0.0,0.0,0.0,0.0,0.0,0.0,0.0,0.0,0.0,0.02,0.0,0.0,0.0,0.0,0.0,0.0,0.006666666666666667,0.0,0.0,0.0,0.0,0.0,0.05333333333333334,0.11333333333333333,0.0,0.006666666666666667,0.7333333333333333,0.06,0.0,0.0,0.0,0.0,0.0,0.0,0.0,0.0,0.0,0.0,0.0,0.0,0.0
Class 29,0.0,0.0,0.0,0.0,0.0,0.0,0.0,0.0,0.0,0.0,0.0,0.0,0.0,0.0,0.0,0.0,0.0,0.0,0.022222222222222223,0.0,0.0,0.0,0.0,0.2222222222222222,0.011111111111111112,0.022222222222222223,0.0,0.0,0.011111111111111112,0.7111111111111111,0.0,0.0,0.0,0.0,0.0,0.0,0.0,0.0,0.0,0.0,0.0,0.0,0.0
Class 30,0.0,0.0,0.0,0.0,0.0,0.013333333333333334,0.0,0.0,0.0,0.0,0.0,0.10666666666666667,0.0,0.0,0.0,0.0,0.0,0.0,0.0,0.0,0.013333333333333334,0.0,0.0,0.04,0.0,0.11333333333333333,0.006666666666666667,0.0,0.006666666666666667,0.04,0.62,0.04,0.0,0.0,0.0,0.0,0.0,0.0,0.0,0.0,0.0,0.0,0.0
Class 31,0.0,0.0,0.0,0.0,0.0,0.0,0.0,0.0,0.0,0.0,0.0,0.0,0.0,0.0,0.0,0.0,0.0,0.0,0.003703703703703704,0.0,0.003703703703703704,0.0,0.0,0.007407407407407408,0.0,0.025925925925925925,0.0,0.0,0.0,0.0,0.0,0.9592592592592593,0.0,0.0,0.0,0.0,0.0,0.0,0.0,0.0,0.0,0.0,0.0
Class 32,0.0,0.0,0.0,0.0,0.0,0.0,0.0,0.0,0.0,0.0,0.0,0.0,0.0,0.0,0.0,0.0,0.0,0.0,0.0,0.0,0.0,0.0,0.0,0.0,0.0,0.0,0.0,0.0,0.0,0.0,0.0,0.0,1.0,0.0,0.0,0.0,0.0,0.0,0.0,0.0,0.0,0.0,0.0
Class 33,0.0,0.0,0.0,0.0,0.0,0.0,0.0,0.0,0.0,0.0,0.0,0.0,0.0,0.0,0.0,0.0,0.0,0.0,0.004761904761904762,0.0,0.0,0.0,0.0,0.0,0.0,0.0,0.0,0.0,0.0,0.0,0.0,0.0,0.0,0.919047619047619,0.02857142857142857,0.03333333333333333,0.004761904761904762,0.009523809523809525,0.0,0.0,0.0,0.0,0.0
Class 34,0.0,0.0,0.0,0.0,0.0,0.0,0.0,0.0,0.0,0.0,0.0,0.0,0.0,0.0,0.0,0.0,0.0,0.0,0.0,0.0,0.0,0.0,0.0,0.0,0.0,0.0,0.0,0.0,0.0,0.0,0.0,0.0,0.0,0.10833333333333334,0.8833333333333333,0.008333333333333333,0.0,0.0,0.0,0.0,0.0,0.0,0.0
Class 35,0.0,0.0,0.0,0.0,0.0,0.0,0.0,0.0,0.0,0.0,0.0,0.0,0.0,0.0,0.0,0.0,0.0,0.0,0.0,0.0,0.0,0.0,0.0,0.0,0.0,0.002564102564102564,0.0,0.0,0.0,0.0,0.0,0.0,0.0,0.038461538461538464,0.01282051282051282,0.8846153846153846,0.04358974358974359,0.010256410256410256,0.0,0.0,0.007692307692307693,0.0,0.0
Class 36,0.0,0.0,0.0,0.0,0.0,0.0,0.0,0.0,0.0,0.0,0.0,0.0,0.0,0.0,0.0,0.0,0.0,0.0,0.0,0.0,0.0,0.0,0.0,0.0,0.0,0.0,0.0,0.0,0.0,0.0,0.0,0.0,0.0,0.008333333333333333,0.0,0.075,0.575,0.31666666666666665,0.025,0.0,0.0,0.0,0.0
Class 37,0.0,0.0,0.0,0.0,0.0,0.0,0.0,0.0,0.0,0.0,0.0,0.0,0.0,0.0,0.0,0.0,0.0,0.0,0.0,0.0,0.0,0.0,0.0,0.0,0.0,0.0,0.0,0.0,0.0,0.0,0.0,0.0,0.0,0.13333333333333333,0.016666666666666666,0.016666666666666666,0.3,0.4666666666666667,0.0,0.06666666666666667,0.0,0.0,0.0
Class 38,0.0,0.0,0.0,0.0,0.0,0.0,0.0,0.0,0.0,0.0,0.0,0.0,0.005797101449275362,0.004347826086956522,0.0,0.0,0.0,0.0,0.0,0.0,0.0,0.0,0.0,0.0,0.0,0.0,0.0,0.0,0.0,0.0,0.0,0.0,0.0,0.007246376811594203,0.0014492753623188406,0.0,0.010144927536231883,0.0,0.9260869565217391,0.030434782608695653,0.013043478260869565,0.0014492753623188406,0.0
Class 39,0.0,0.0,0.0,0.0,0.0,0.0,0.0,0.0,0.0,0.0,0.0,0.0,0.0,0.0,0.0,0.0,0.0,0.0,0.0,0.0,0.0,0.0,0.0,0.0,0.0,0.0,0.0,0.0,0.0,0.0,0.0,0.0,0.0,0.011111111111111112,0.0,0.0,0.011111111111111112,0.0,0.3333333333333333,0.6444444444444445,0.0,0.0,0.0
Class 40,0.0,0.0,0.0,0.0,0.0,0.0,0.0,0.0,0.0,0.0,0.0,0.0,0.0,0.011111111111111112,0.0,0.0,0.0,0.0,0.0,0.0,0.0,0.0,0.0,0.0,0.0,0.0,0.0,0.0,0.0,0.0,0.0,0.0,0.0,0.011111111111111112,0.14444444444444443,0.0,0.011111111111111112,0.0,0.011111111111111112,0.0,0.8111111111111111,0.0,0.0
Class 41,0.0,0.0,0.0,0.0,0.016666666666666666,0.0,0.0,0.0,0.0,0.0,0.0,0.0,0.0,0.0,0.0,0.0,0.0,0.0,0.0,0.0,0.0,0.0,0.0,0.0,0.0,0.0,0.0,0.0,0.0,0.0,0.0,0.0,0.0,0.0,0.0,0.0,0.0,0.0,0.0,0.0,0.0,0.9666666666666667,0.016666666666666666
Class 42,0.0,0.0,0.0,0.0,0.011111111111111112,0.0,0.011111111111111112,0.0,0.0,0.0,0.0,0.011111111111111112,0.0,0.0,0.0,0.0,0.0,0.0,0.0,0.0,0.011111111111111112,0.0,0.0,0.0,0.0,0.0,0.0,0.0,0.0,0.0,0.0,0.0,0.044444444444444446,0.03333333333333333,0.0,0.011111111111111112,0.05555555555555555,0.0,0.022222222222222223,0.0,0.0,0.03333333333333333,0.7555555555555555
